url,title,title_len,description_len,h1,indexable
"https://www.mrbrickllc.com/","Masonry Contractors in Southeastern Michigan | Mr. Brick LLC",60,175,"Masonry contractors who build it to last",yes
"https://www.mrbrickllc.com/services","Masonry & Concrete Services | Mr. Brick LLC",43,163,"Masonry and concrete services",yes
"https://www.mrbrickllc.com/brick-masonry","Brick & Masonry Contractor in Southeastern Michigan | Mr. Brick",63,152,"Brick and masonry repair, done to last another fifty years",yes
"https://www.mrbrickllc.com/brick-repair","Brick Repair & Replacement in Southeastern Michigan | Mr. Brick",63,161,"Brick repair and replacement",yes
"https://www.mrbrickllc.com/tuckpointing","Tuckpointing & Brick Repointing in SE Michigan | Mr. Brick",58,158,"Tuckpointing and repointing",yes
"https://www.mrbrickllc.com/cinder-block-wall-installation","Concrete Block & Cinder Block Walls in SE Michigan | Mr. Brick",62,159,"Concrete block wall construction",yes
"https://www.mrbrickllc.com/chimney-services","Chimney Repair & Rebuilding in Southeastern Michigan | Mr. Brick",64,159,"Chimney repair and rebuilding",yes
"https://www.mrbrickllc.com/chimney-repair","Chimney Repair in Southeastern Michigan | Mr. Brick",51,156,"Chimney repair",yes
"https://www.mrbrickllc.com/chimney-rebuilding","Chimney Rebuilding in Southeastern Michigan | Mr. Brick",55,151,"Chimney rebuilding",yes
"https://www.mrbrickllc.com/fireplace-services","Fireplace Repair & Masonry Fireplaces in SE Michigan | Mr. Brick",64,153,"Fireplace repair and installation",yes
"https://www.mrbrickllc.com/porch-services","Porch Repair & Rebuilding in Southeastern Michigan | Mr. Brick",62,151,"Porch restoration, rebuilds and steps",yes
"https://www.mrbrickllc.com/porch-restorations","Brick & Concrete Porch Restoration in SE Michigan | Mr. Brick",61,147,"Porch restoration",yes
"https://www.mrbrickllc.com/porch-rebuilds","Porch Rebuild & New Porch Construction in SE Michigan | Mr. Brick",65,151,"Porch rebuilds",yes
"https://www.mrbrickllc.com/stair-services","Brick, Stone & Concrete Steps in Southeastern Michigan | Mr. Brick",66,159,"Brick, stone and concrete steps",yes
"https://www.mrbrickllc.com/concrete-services","Concrete Contractor in Southeastern Michigan | Mr. Brick",56,151,"Concrete work for homes and businesses",yes
"https://www.mrbrickllc.com/stamped-concrete","Stamped & Decorative Concrete in SE Michigan | Mr. Brick",56,152,"Stamped and decorative concrete",yes
"https://www.mrbrickllc.com/concrete-resurfacing","Concrete Resurfacing & Repair in Southeastern Michigan | Mr. Brick",66,155,"Concrete resurfacing and repair",yes
"https://www.mrbrickllc.com/concrete-leveling","Concrete Leveling & Slab Lifting in SE Michigan | Mr. Brick",59,145,"Concrete leveling",yes
"https://www.mrbrickllc.com/concrete-sealing","Concrete Sealing & Coatings in Southeastern Michigan | Mr. Brick",64,151,"Concrete sealing and coatings",yes
"https://www.mrbrickllc.com/driveway-services","Concrete & Brick Driveways in Southeastern Michigan | Mr. Brick",63,157,"Driveways, walkways and pavers",yes
"https://www.mrbrickllc.com/concrete-driveway-installation","Concrete Driveway Installation in Southeastern Michigan | Mr. Brick",67,150,"Concrete driveway installation",yes
"https://www.mrbrickllc.com/driveway-repair","Driveway Repair & Resurfacing in Southeastern Michigan | Mr. Brick",66,153,"Driveway repair and resurfacing",yes
"https://www.mrbrickllc.com/walkway-services","Brick, Paver & Concrete Walkways in SE Michigan | Mr. Brick",59,148,"Brick, paver and concrete walkways",yes
"https://www.mrbrickllc.com/paver-services","Brick Paver Installation in Southeastern Michigan | Mr. Brick",61,151,"Brick paver installation and repair",yes
"https://www.mrbrickllc.com/patio-services","Patio Installation in Southeastern Michigan | Mr. Brick",55,146,"Patios and outdoor living spaces",yes
"https://www.mrbrickllc.com/outdoor-kitchen-installation","Outdoor Kitchen Masonry in Southeastern Michigan | Mr. Brick",60,154,"Outdoor kitchens and grill islands",yes
"https://www.mrbrickllc.com/foundation-services","Foundations & Footings in Southeastern Michigan | Mr. Brick",59,142,"Foundations, footings and structural masonry",yes
"https://www.mrbrickllc.com/foundation-repair","Foundation Repair in Southeastern Michigan | Mr. Brick",54,141,"Foundation repair",yes
"https://www.mrbrickllc.com/retaining-wall-services","Retaining Wall Installation in Southeastern Michigan | Mr. Brick",64,139,"Retaining walls",yes
"https://www.mrbrickllc.com/service-areas","Service Areas | Masonry Contractor in Southeastern Michigan | Mr. Brick",71,140,"Masonry across Southeastern Michigan",yes
"https://www.mrbrickllc.com/service-areas/macomb-county","Masonry Contractor in Macomb County, MI | Mr. Brick",51,161,"Masonry contractor in Macomb County",yes
"https://www.mrbrickllc.com/service-areas/wayne-county","Masonry Contractor in Wayne County & the Grosse Pointes | Mr. Brick",67,154,"Masonry contractor in Wayne County and the Grosse Pointes",yes
"https://www.mrbrickllc.com/service-areas/oakland-county","Masonry Contractor in Oakland County, MI | Mr. Brick",52,147,"Masonry contractor in Oakland County",yes
"https://www.mrbrickllc.com/gallery","Masonry Project Photos | Brick, Chimney & Concrete | Mr. Brick",62,150,"Project gallery",yes
"https://www.mrbrickllc.com/about","About Mr. Brick LLC | Family-Owned Masonry Contractor, Eastpointe MI",68,173,"Honest, practical and quick since day one",yes
"https://www.mrbrickllc.com/reviews","Mr. Brick LLC Reviews | Masonry Contractor in Southeastern Michigan",67,151,"Reviews",yes
"https://www.mrbrickllc.com/finance","Masonry Financing Options | Mr. Brick LLC",41,139,"Financing for your masonry project",yes
"https://www.mrbrickllc.com/special-offers","Special Offers & Discounts | Mr. Brick LLC",42,145,"Offers and discounts",yes
"https://www.mrbrickllc.com/faqs","Masonry FAQs | Quotes, Warranty, Payment | Mr. Brick LLC",56,131,"Frequently asked questions",yes
"https://www.mrbrickllc.com/contact","Contact Mr. Brick LLC | Call or Text (586) 209-3052",51,152,"Contact Mr. Brick",yes
"https://www.mrbrickllc.com/request-quote","Request a Free Masonry Quote | Mr. Brick LLC",44,146,"Request a free quote",yes
"https://www.mrbrickllc.com/resources","Masonry Guides for Michigan Homeowners | Mr. Brick",50,141,"Masonry guides for Michigan homeowners",yes
"https://www.mrbrickllc.com/resources/chimney-repair-warning-signs","7 Signs Your Chimney Needs Repair | Southeastern Michigan | Mr. Brick",69,158,"7 Signs Your Chimney Needs Repair Before Water Gets In",yes
"https://www.mrbrickllc.com/resources/porch-and-step-problems","Why Brick Porches & Steps Fail in Michigan | Mr. Brick",54,167,"Why Brick Porches and Steps Fail in Michigan — and How to Fix Them for Good",yes
"https://www.mrbrickllc.com/resources/tuckpointing-vs-rebuilding","Tuckpointing vs. Rebuilding Brick: Which Do You Need? | Mr. Brick",65,143,"Tuckpointing vs. Rebuilding: How to Tell What Your Brick Needs",yes
"https://www.mrbrickllc.com/privacy-policy","Privacy Policy | Mr. Brick LLC",30,91,"Privacy policy",yes
"https://www.mrbrickllc.com/terms","Terms of Use | Mr. Brick LLC",28,43,"Terms of use",yes
"https://www.mrbrickllc.com/accessibility","Accessibility Statement | Mr. Brick LLC",39,72,"Accessibility",yes
"https://www.mrbrickllc.com/thank-you","Thanks — We Got Your Request | Mr. Brick LLC",44,45,"Thanks — your request is in",no
"https://www.mrbrickllc.com/404","Page Not Found | Mr. Brick LLC",30,41,"That page isn't here",no
