old_url,new_url,status,reason
https://www.mrbrickllc.com/specialty-masonry-services,https://www.mrbrickllc.com/brick-masonry,301,thin page consolidated into stronger page
https://www.mrbrickllc.com/fireplace-repair,https://www.mrbrickllc.com/fireplace-services,301,thin page consolidated into stronger page
https://www.mrbrickllc.com/fireplace-installation,https://www.mrbrickllc.com/fireplace-services,301,thin page consolidated into stronger page
https://www.mrbrickllc.com/concrete-stair-installation,https://www.mrbrickllc.com/stair-services,301,thin page consolidated into stronger page
https://www.mrbrickllc.com/stone-stair-installation,https://www.mrbrickllc.com/stair-services,301,thin page consolidated into stronger page
https://www.mrbrickllc.com/stamped-concrete-patio-services,https://www.mrbrickllc.com/stamped-concrete,301,thin page consolidated into stronger page
https://www.mrbrickllc.com/concrete-acid-staining,https://www.mrbrickllc.com/stamped-concrete,301,thin page consolidated into stronger page
https://www.mrbrickllc.com/concrete-coating,https://www.mrbrickllc.com/concrete-sealing,301,thin page consolidated into stronger page
https://www.mrbrickllc.com/concrete-demolition-services,https://www.mrbrickllc.com/concrete-services,301,thin page consolidated into stronger page
https://www.mrbrickllc.com/driveway-resurfacing,https://www.mrbrickllc.com/driveway-repair,301,thin page consolidated into stronger page
https://www.mrbrickllc.com/brick-walkway-installation,https://www.mrbrickllc.com/walkway-services,301,thin page consolidated into stronger page
https://www.mrbrickllc.com/concrete-walkway-installation,https://www.mrbrickllc.com/walkway-services,301,thin page consolidated into stronger page
https://www.mrbrickllc.com/paver-walkway-installation,https://www.mrbrickllc.com/walkway-services,301,thin page consolidated into stronger page
https://www.mrbrickllc.com/brick-paver-services,https://www.mrbrickllc.com/paver-services,301,thin page consolidated into stronger page
https://www.mrbrickllc.com/concrete-patio-installation,https://www.mrbrickllc.com/patio-services,301,thin page consolidated into stronger page
https://www.mrbrickllc.com/stone-patio-installation,https://www.mrbrickllc.com/patio-services,301,thin page consolidated into stronger page
https://www.mrbrickllc.com/foundation-installation,https://www.mrbrickllc.com/foundation-services,301,thin page consolidated into stronger page
https://www.mrbrickllc.com/basement-waterproofing,https://www.mrbrickllc.com/foundation-services,301,thin page consolidated into stronger page
https://www.mrbrickllc.com/retaining-wall-installation,https://www.mrbrickllc.com/retaining-wall-services,301,thin page consolidated into stronger page
https://www.mrbrickllc.com/call-or-text-pop,https://www.mrbrickllc.com/contact,301,legacy popup/vendor page
https://www.mrbrickllc.com/video-splash-pop,https://www.mrbrickllc.com/,301,legacy popup/vendor page
https://www.mrbrickllc.com/3rd-party-video-splash-pop-02,https://www.mrbrickllc.com/,301,legacy popup/vendor page
https://www.mrbrickllc.com/hibu-video-splash,https://www.mrbrickllc.com/,301,legacy popup/vendor page
https://www.mrbrickllc.com/hibu-eng-menu,https://www.mrbrickllc.com/contact,301,legacy popup/vendor page
https://www.mrbrickllc.com/resources,https://www.mrbrickllc.com/blog,301,thin page consolidated into stronger page
